Workbook

Sheet Tracker
A1: Date | B1: Platform | C1: Business/Startup Name | D1: Contact Name | E1: City | F1: Service Interested | G1: First Message Sent (Y/N) | H1: Reply Received (Y/N) | I1: Call Booked (Y/N) | J1: Proposal Sent (Y/N) | K1: Deal Closed (Y/N) | L1: Deal Value (₹) | M1: Follow-up 1 Date | N1: Follow-up 2 Date | O1: Follow-up 3 Date | P1: Lead Status | Q1: Notes

Sheet Daily Summary
A1: Date | B1: Instagram DMs | C1: LinkedIn DMs | D1: Cold Emails | E1: Total Approached | F1: Replies | G1: Calls Booked | H1: Proposals Sent | I1: Deals Closed | J1: Revenue (₹)
A2: Enter Date | B2: =COUNTIFS(Tracker!A:A, A2, Tracker!B:B, "Instagram") | C2: =COUNTIFS(Tracker!A:A, A2, Tracker!B:B, "LinkedIn") | D2: =COUNTIFS(Tracker!A:A, A2, Tracker!B:B, "Cold Email") | E2: =B2+C2+D2 | F2: =COUNTIFS(Tracker!A:A, A2, Tracker!H:H, "Y") | G2: =COUNTIFS(Tracker!A:A, A2, Tracker!I:I, "Y") | H2: =COUNTIFS(Tracker!A:A, A2, Tracker!J:J, "Y") | I2: =COUNTIFS(Tracker!A:A, A2, Tracker!K:K, "Y") | J2: =SUMIFS(Tracker!L:L, Tracker!A:A, A2, Tracker!K:K, "Y")

Sheet Platform Report
A1: Platform | B1: Total Leads | C1: Total Replies | D1: Total Calls | E1: Total Deals | F1: Total Revenue (₹)
A2: Instagram | B2: =COUNTIF(Tracker!B:B, "Instagram") | C2: =COUNTIFS(Tracker!B:B, "Instagram", Tracker!H:H, "Y") | D2: =COUNTIFS(Tracker!B:B, "Instagram", Tracker!I:I, "Y") | E2: =COUNTIFS(Tracker!B:B, "Instagram", Tracker!K:K, "Y") | F2: =SUMIFS(Tracker!L:L, Tracker!B:B, "Instagram", Tracker!K:K, "Y")
A3: LinkedIn | B3: =COUNTIF(Tracker!B:B, "LinkedIn") | C3: =COUNTIFS(Tracker!B:B, "LinkedIn", Tracker!H:H, "Y") | D3: =COUNTIFS(Tracker!B:B, "LinkedIn", Tracker!I:I, "Y") | E3: =COUNTIFS(Tracker!B:B, "LinkedIn", Tracker!K:K, "Y") | F3: =SUMIFS(Tracker!L:L, Tracker!B:B, "LinkedIn", Tracker!K:K, "Y")
A4: Cold Email | B4: =COUNTIF(Tracker!B:B, "Cold Email") | C4: =COUNTIFS(Tracker!B:B, "Cold Email", Tracker!H:H, "Y") | D4: =COUNTIFS(Tracker!B:B, "Cold Email", Tracker!I:I, "Y") | E4: =COUNTIFS(Tracker!B:B, "Cold Email", Tracker!K:K, "Y") | F4: =SUMIFS(Tracker!L:L, Tracker!B:B, "Cold Email", Tracker!K:K, "Y")

Sheet Monthly Summary
A1: Month | B1: Total Leads | C1: Total Calls | D1: Total Proposals | E1: Total Deals | F1: Total Revenue (₹) | G1: Best Platform | H1: Closing %
A2: Enter Month | B2: =COUNTA(Tracker!A:A)-1 | C2: =COUNTIF(Tracker!I:I, "Y") | D2: =COUNTIF(Tracker!J:J, "Y") | E2: =COUNTIF(Tracker!K:K, "Y") | F2: =SUMIF(Tracker!K:K, "Y", Tracker!L:L) | G2: Manual | H2: =IF(B2=0, 0, (E2/B2)*100)
